Designator,Mid X,Mid Y,Rotation,Layer
C1,-34.425,51.3,270.0,bottom
C10,-7.64,34.42,0.0,bottom
C11,-6.5,17.0,270.0,bottom
C12,-9.505,30.75,0.0,bottom
C13,8.3058,13.8658,270.0,bottom
C14,-3.2,17.0,270.0,bottom
C15,-9.825,25.45,180.0,bottom
C16,-38.775,36.9,180.0,bottom
C17,-1.97,16.16,270.0,bottom
C18,-38.8,30.18,270.0,bottom
C19,-5.25,17.0,270.0,bottom
C2,-32.9,51.3,270.0,bottom
C20,-4.2418,16.4084,270.0,bottom
C21,10.235,18.085,180.0,bottom
C22,-36.43,34.47,90.0,bottom
C23,-9.2,24.425,0.0,bottom
C24,-9.2,22.97,0.0,bottom
C25,-7.5,17.0,270.0,bottom
C26,5.66,32.4,90.0,bottom
C27,-14.108851,16.789347,0.0,bottom
C28,16.58,32.625,90.0,bottom
C29,13.53,28.59,180.0,bottom
C3,-28.1,56.1,270.0,bottom
C30,15.975,24.975,180.0,bottom
C32,-14.75,15.219347,0.0,bottom
C33,-23.38,9.08,180.0,bottom
C34,-21.66,12.77,270.0,bottom
C35,-21.67,10.88,90.0,bottom
C36,-23.39,7.93,180.0,bottom
C37,-24.86,15.3,0.0,bottom
C38,-25.56,14.29,180.0,bottom
C39,-34.8,4.05,0.0,bottom
C4,8.75,19.8,180.0,bottom
C40,-36.6,13.3,0.0,bottom
C41,-29.925,38.625,90.0,bottom
C42,-38.2524,42.2148,180.0,bottom
C43,-44.688727,40.980705,0.0,bottom
C44,-33.7,31.975,180.0,bottom
C45,-21.9,27.250001,90.0,bottom
C46,-19.85,27.260002,90.0,bottom
C47,-27.180002,38.619998,90.0,bottom
C48,-24.674999,27.975,180.0,bottom
C49,-33.94,33.73,180.0,bottom
C5,-7.4,30.74,0.0,bottom
C50,45.9,44.16,180.0,bottom
C51,-33.94,42.54,180.0,bottom
C52,44.27,57.01,90.0,bottom
C53,-33.94,40.35,180.0,bottom
C54,-33.94,35.93,180.0,bottom
C55,-33.94,38.13,180.0,bottom
C56,-20.8,39.325,270.0,bottom
C57,41.89,48.09,270.0,bottom
C58,-26.194999,51.225,90.0,bottom
C59,-29.429997,51.249999,90.0,bottom
C6,3.1,32.65,90.0,bottom
C60,47.81,21.53,180.0,bottom
C61,-29.434998,47.699999,270.0,bottom
C62,-18.78,42.26,270.0,bottom
C63,-26.2,47.674999,270.0,bottom
C64,-18.07,39.47,0.0,bottom
C65,46.43,34.06,180.0,bottom
C66,12.53,53.39,180.0,bottom
C67,36.068,36.3068,270.0,bottom
C68,36.0452,45.0088,180.0,bottom
C69,36.0426,38.608,180.0,bottom
C7,-7.95,25.45,0.0,bottom
C70,35.075,6.125,270.0,bottom
C71,34.52,2.66,270.0,bottom
C72,35.075,9.175,90.0,bottom
C73,42.125,10.005,270.0,bottom
C74,40.575,12.125,90.0,bottom
C75,38.2,3.78,270.0,bottom
C76,38.2,1.9,90.0,bottom
C77,35.825,11.45,0.0,bottom
C78,36.49,2.78,270.0,bottom
C79,40.37,3.0,270.0,bottom
C8,1.1,17.6,270.0,bottom
C80,28.9,12.44,180.0,bottom
C81,31.31,3.26,0.0,bottom
C82,31.82,1.99,0.0,bottom
C83,22.479,18.796,0.0,bottom
C84,41.4,43.5,270.0,bottom
C85,12.411104,27.26,0.0,bottom
C86,36.14,59.23,90.0,bottom
C87,-13.3604,41.9608,90.0,bottom
C88,-14.3764,41.9608,90.0,bottom
C9,-1.825,32.4,90.0,bottom
CN1,40.54,59.95,180.0,top
D1,-46.3042,23.1394,180.0,bottom
D10,-39.0,-5.8,270.0,bottom
D11,-42.0,-2.3,270.0,bottom
D12,-38.0,-2.3,270.0,bottom
D13,-44.0,-2.3,270.0,bottom
D14,29.2,-3.9,0.0,top
D15,14.6,-3.9,0.0,top
D16,-14.6,-3.9,0.0,top
D17,-29.2,-3.9,0.0,top
D18,-30.0,-2.3,270.0,bottom
D19,-34.0,-2.3,270.0,bottom
D2,5.725,15.525,270.0,bottom
D20,-33.0,-5.8,270.0,bottom
D21,-35.0,-5.8,270.0,bottom
D22,-32.0,-2.3,270.0,bottom
D23,-36.0,-2.3,270.0,bottom
D24,-25.0,-5.8,270.0,bottom
D25,-28.0,-2.3,270.0,bottom
D26,-27.0,-5.8,270.0,bottom
D27,-29.0,-5.8,270.0,bottom
D28,-26.0,-2.3,270.0,bottom
D29,-31.0,-5.8,270.0,bottom
D3,24.65,25.2,180.0,bottom
D30,-19.0,-5.8,270.0,bottom
D31,-22.0,-2.25,270.0,bottom
D32,-21.0,-5.8,270.0,bottom
D33,-23.0,-5.75,270.0,bottom
D34,-20.0,-2.3,270.0,bottom
D35,-24.0,-2.3,270.0,bottom
D36,-15.0,-5.8,270.0,bottom
D37,-16.0,-2.3,270.0,bottom
D38,-14.0,-2.3,270.0,bottom
D39,-17.0,-5.8,270.0,bottom
D4,-27.95,-57.65,180.0,top
D40,-9.0,-5.8,270.0,bottom
D41,-11.0,-5.8,270.0,bottom
D42,-10.0,-2.3,270.0,bottom
D43,-12.0,-2.3,270.0,bottom
D44,-18.0,-2.3,270.0,bottom
D45,-4.0,-2.3,270.0,bottom
D46,-6.0,-2.3,270.0,bottom
D47,-5.0,-5.8,270.0,bottom
D48,-8.0,-2.3,270.0,bottom
D49,-13.0,-5.8,270.0,bottom
D5,-13.95,-57.65,180.0,top
D50,5.0,-5.8,270.0,bottom
D51,2.0,-2.3,270.0,bottom
D52,4.0,-2.3,270.0,bottom
D53,1.0,-5.8,270.0,bottom
D54,-7.0,-5.8,270.0,bottom
D55,28.0,-2.3,270.0,bottom
D56,0.0,-2.3,270.0,bottom
D57,9.0,-5.8,270.0,bottom
D58,-3.0,-5.8,270.0,bottom
D59,3.0,-5.8,270.0,bottom
D6,14.05,-57.65,180.0,top
D60,-1.0,-5.8,270.0,bottom
D61,8.0,-2.3,270.0,bottom
D62,-2.0,-2.3,270.0,bottom
D63,6.0,-2.3,270.0,bottom
D64,30.0,-2.3,270.0,bottom
D65,7.0,-5.8,270.0,bottom
D66,10.0,-2.3,270.0,bottom
D67,15.0,-5.8,270.0,bottom
D68,11.0,-5.8,270.0,bottom
D69,14.0,-2.3,270.0,bottom
D7,28.05,-57.65,180.0,top
D70,12.0,-2.3,270.0,bottom
D71,13.0,-5.8,270.0,bottom
D72,17.0,-5.8,270.0,bottom
D73,19.0,-5.8,270.0,bottom
D74,16.0,-2.3,270.0,bottom
D75,20.0,-2.3,270.0,bottom
D76,18.0,-2.3,270.0,bottom
D77,21.0,-5.8,270.0,bottom
D78,23.0,-5.8,270.0,bottom
D79,25.0,-5.8,270.0,bottom
D8,-37.0,-5.8,270.0,bottom
D80,22.0,-2.3,270.0,bottom
D81,27.0,-5.75,270.0,bottom
D82,24.0,-2.3,270.0,bottom
D83,26.0,-2.3,270.0,bottom
D84,-46.0,61.0,0.0,bottom
D85,-36.25,30.5,270.0,bottom
D86,46.3,57.0775,270.0,bottom
D87,46.4775,32.24,180.0,bottom
D88,28.9,15.4,0.0,bottom
D9,-40.0,-2.3,270.0,bottom
H1,-50.35,57.85,0.0,top
H10,47.0,-55.5,0.0,top
H11,0.0,-61.0,0.0,top
H2,50.35,57.85,90.0,top
H3,-44.35,-60.85,0.0,bottom
H4,44.35,-60.85,0.0,bottom
H5,-30.0,61.3,0.0,top
H6,32.5,61.3,0.0,top
H7,-49.0,-6.0,0.0,top
H8,49.0,-6.0,0.0,top
H9,-47.0,-55.5,0.0,top
J1,-38.75,60.32,180.0,bottom
J10,51.1,4.0,270.0,bottom
J11,-46.75,-13.325,0.0,bottom
J16,-48.514,-32.5,270.0,bottom
J2,54.5,16.0,270.0,bottom
J4,-47.77,12.62,90.0,bottom
J5,-51.375,48.2,90.0,bottom
J6,34.95,23.75,0.0,bottom
J7,3.81,6.2,180.0,bottom
J8,-47.75,31.55,90.0,bottom
J9,39.1668,-7.4168,0.0,bottom
L1,-9.75,15.0,90.0,bottom
L2,-32.925,28.775,270.0,bottom
L3,44.85,53.11,180.0,bottom
L4,-21.25,48.75,180.0,bottom
L5,46.45,28.88,180.0,bottom
Q1,-35.4,21.7375,90.0,bottom
Q2,-38.8,21.7625,270.0,bottom
Q3,32.9,-1.6625,270.0,bottom
Q4,-22.862499,30.8,180.0,bottom
Q5,47.2,13.3275,270.0,bottom
Q6,25.46,13.8425,90.0,bottom
R1,-40.49,55.12,180.0,bottom
R10,12.5496,46.95,180.0,bottom
R11,12.5696,48.6,180.0,bottom
R12,-0.2,12.2,270.0,bottom
R13,-7.62,33.4,0.0,bottom
R14,-36.7,19.8,90.0,bottom
R15,-40.386,18.1864,0.0,bottom
R16,-40.41,19.3,0.0,bottom
R17,-40.6908,23.2664,0.0,bottom
R18,-38.78,27.54,180.0,bottom
R19,-38.78,26.44,180.0,bottom
R2,-42.4434,55.118,0.0,bottom
R20,-38.15,35.48,0.0,bottom
R21,-38.15,34.48,0.0,bottom
R22,-38.78,28.64,180.0,bottom
R24,-38.82,32.04,270.0,bottom
R25,-7.859999,19.975,0.0,bottom
R26,9.901104,27.25,180.0,bottom
R27,9.375,21.575,180.0,bottom
R28,-12.0,15.75,0.0,bottom
R29,-13.75,18.25,90.0,bottom
R3,-43.3324,19.6088,180.0,bottom
R30,-20.45,9.980001,270.0,bottom
R31,-20.44,7.620001,90.0,bottom
R32,-31.525,1.925,90.0,bottom
R33,-25.3,17.8,90.0,bottom
R34,-32.475,1.925,90.0,bottom
R35,-29.35,16.35,270.0,bottom
R36,-38.69,24.22,0.0,bottom
R37,35.68,-1.21,0.0,bottom
R38,35.25,-2.65,270.0,bottom
R39,-37.99,0.2,0.0,bottom
R4,-11.75,27.37,270.0,bottom
R40,-34.0,0.2,0.0,bottom
R41,-25.99,0.2,0.0,bottom
R42,-22.0,0.2,0.0,bottom
R43,-40.0,0.2,0.0,bottom
R44,-36.0,0.2,0.0,bottom
R45,-27.99,0.2,0.0,bottom
R46,-24.0,0.2,0.0,bottom
R47,-28.5496,38.1,90.0,bottom
R48,-18.515001,31.755,0.0,bottom
R49,-18.515001,30.735,180.0,bottom
R5,-6.07,11.78,90.0,bottom
R50,-24.325,33.659999,90.0,bottom
R51,-41.0,41.1,0.0,bottom
R52,-25.375,38.7,180.0,bottom
R53,-25.384999,37.625,0.0,bottom
R54,45.140001,46.775,0.0,bottom
R55,47.98,48.551249,90.0,bottom
R56,-25.174999,43.297499,270.0,bottom
R57,-25.16,41.06,270.0,bottom
R58,44.984999,21.56,90.0,bottom
R59,49.674999,23.84,90.0,bottom
R6,0.8,34.14,90.0,bottom
R60,12.57,52.2,180.0,bottom
R61,15.0876,43.2816,180.0,bottom
R62,13.1,37.25,180.0,bottom
R63,13.09,43.28,0.0,bottom
R64,13.1,42.02,180.0,bottom
R65,-9.72,38.25,0.0,bottom
R66,-9.6774,47.6504,0.0,bottom
R67,-9.74,39.47,180.0,bottom
R68,-9.74,40.74,180.0,bottom
R69,-9.74,42.0,180.0,bottom
R7,13.1,19.1,180.0,bottom
R70,-9.74,43.26,180.0,bottom
R71,37.1856,41.1226,0.0,bottom
R72,-9.74,44.55,180.0,bottom
R73,-9.74,45.5168,180.0,bottom
R74,13.1,38.2,0.0,bottom
R75,13.1,39.45,0.0,bottom
R76,35.2,13.264294,270.0,bottom
R77,41.88,3.27,270.0,bottom
R78,41.89,1.34,90.0,bottom
R79,49.58,14.525,90.0,bottom
R8,-0.2,34.12,90.0,bottom
R80,49.57,12.6,270.0,bottom
R81,28.09,10.750001,90.0,bottom
R82,34.224293,13.264294,90.0,bottom
R83,33.25,13.264294,270.0,bottom
R84,50.62,12.6,90.0,bottom
R85,28.35,13.9,180.0,bottom
R86,37.2,52.1,180.0,bottom
R87,37.590001,51.1,0.0,bottom
R88,-14.0208,45.8216,180.0,bottom
R9,-1.75,12.2,90.0,bottom
SW1,52.65,27.1,270.0,bottom
SW2,52.65,37.1,270.0,bottom
SW3,52.65,47.1,270.0,bottom
U1,-43.5,14.0,270.0,bottom
U10,-10.986351,18.019347,180.0,bottom
U11,-27.4,17.55,180.0,bottom
U12,-30.0,9.2,270.0,bottom
U14,-37.8968,39.4208,90.0,bottom
U15,-27.92,32.7825,270.0,bottom
U16,44.74,48.98,180.0,bottom
U17,-22.125,42.975,90.0,bottom
U18,46.649999,24.7,180.0,bottom
U19,-21.2575,15.940000000000001,270.0,bottom
U2,-43.5,8.0,270.0,bottom
U20,1.25,46.45,0.0,bottom
U21,-19.558,61.1124,180.0,bottom
U22,36.5252,43.0784,270.0,bottom
U23,26.035,44.564,180.0,bottom
U24,38.63,7.86,270.0,bottom
U25,31.47,7.88,180.0,bottom
U26,-42.4282,43.3728,180.0,bottom
U27,-54.5,47.0,180.0,top
U28,-54.5,13.25,180.0,top
U29,-54.5,6.25,180.0,top
U3,49.8466,17.2933,270.0,bottom
U30,54.5,47.0,180.0,top
U31,54.5,13.25,180.0,top
U32,54.3306,6.25,180.0,top
U33,-13.2588,39.2176,0.0,bottom
U4,-37.4998,54.9184,90.0,bottom
U5,-22.8925,56.1425,270.0,bottom
U6,-44.137999,45.9105,270.0,bottom
U7,0.0,25.0,270.0,bottom
U8,11.3516,13.8016,270.0,bottom
U9,11.14,32.19,90.0,bottom
Y1,-30.575,56.175,90.0,bottom
Y2,-8.725,28.107,270.0,bottom
Y3,-23.39,11.78,270.0,bottom
